,preserve,discover,total
2543,0.3333333333333333,0.3333333333333333,0.3333333333333333
815,0.0,0.0,0.0
552,0.0,0.0,0.0
116,0.0,0.3333333333333333,0.2
517,0.0,0.3333333333333333,0.2
508,0.5,0.0,0.25
1132,0.0,0.0,0.0
673,0.0,0.0,0.0
2488,0.0,0.0,0.0
0,0.3333333333333333,0.0,0.16666666666666666
2413,0.0,1.0,0.5
1980,0.0,0.0,0.0
1643,0.6666666666666666,0.0,0.3333333333333333
1569,0.0,0.0,0.0
2584,0.0,0.3333333333333333,0.16666666666666666
223,0.0,0.0,0.0
514,0.0,0.0,0.0
795,0.0,0.6666666666666666,0.4
1783,0.3333333333333333,0.3333333333333333,0.3333333333333333
2051,0.0,0.3333333333333333,0.16666666666666666
1907,0.0,0.0,0.0
2587,0.0,0.0,0.0
1616,0.3333333333333333,0.0,0.16666666666666666
2392,1.0,0.0,0.4
1556,1.0,0.0,0.3333333333333333
493,0.0,0.0,0.0
103,0.5,0.0,0.2
2211,0.3333333333333333,0.6666666666666666,0.5
204,0.5,0.0,0.25
383,0.0,0.0,0.0
1966,0.3333333333333333,0.0,0.16666666666666666
2278,0.0,0.0,0.0
2141,0.0,0.0,0.0
1067,0.5,0.5,0.5
248,0.0,0.5,0.25
2246,1.0,0.0,0.5
1954,0.0,0.0,0.0
513,0.0,0.0,0.0
2371,0.3333333333333333,0.0,0.16666666666666666
623,0.0,0.0,0.0
232,0.0,0.0,0.0
2252,0.0,0.0,0.0
2095,0.0,0.0,0.0
991,0.0,0.3333333333333333,0.16666666666666666
1916,0.3333333333333333,0.0,0.16666666666666666
2366,0.0,0.5,0.3333333333333333
1825,0.5,0.0,0.2
1316,1.0,0.0,0.4
707,1.0,0.0,0.3333333333333333
2175,0.0,0.0,0.0
2411,0.5,0.3333333333333333,0.4
2111,0.0,0.0,0.0
679,0.6666666666666666,0.0,0.3333333333333333
1591,0.0,0.0,0.0
577,0.0,0.5,0.25
2094,1.0,0.0,0.3333333333333333
2192,0.0,0.0,0.0
309,0.0,1.0,0.5
14,0.3333333333333333,0.3333333333333333,0.3333333333333333
1713,0.0,0.0,0.0
254,0.5,1.0,0.75
2267,0.3333333333333333,0.3333333333333333,0.3333333333333333
375,0.0,0.0,0.0
324,0.0,0.0,0.0
234,0.5,0.0,0.2
1025,0.5,0.5,0.5
2441,0.0,0.3333333333333333,0.16666666666666666
2183,0.0,0.0,0.0
600,0.0,0.0,0.0
2193,0.0,0.0,0.0
953,1.0,0.0,0.3333333333333333
2054,0.0,0.0,0.0
1745,0.0,0.0,0.0
196,0.0,0.0,0.0
446,0.0,0.0,0.0
1742,0.0,0.0,0.0
1578,0.0,0.3333333333333333,0.16666666666666666
1686,0.3333333333333333,0.0,0.16666666666666666
1154,0.3333333333333333,0.3333333333333333,0.3333333333333333
794,0.0,0.0,0.0
17,0.3333333333333333,0.3333333333333333,0.3333333333333333
1850,0.0,0.0,0.0
1197,0.3333333333333333,0.3333333333333333,0.3333333333333333
804,0.5,0.0,0.25
2245,0.0,0.0,0.0
201,0.0,0.3333333333333333,0.2
1910,0.6666666666666666,0.3333333333333333,0.5
1006,0.5,0.0,0.2
568,0.0,0.5,0.25
1488,0.5,0.0,0.2
1137,1.0,0.0,0.5
308,0.3333333333333333,0.3333333333333333,0.3333333333333333
2285,0.0,0.0,0.0
321,0.5,0.3333333333333333,0.4
1129,0.5,0.0,0.25
75,0.0,0.3333333333333333,0.16666666666666666
1169,0.0,0.0,0.0
2533,0.0,0.5,0.3333333333333333
1349,0.3333333333333333,0.3333333333333333,0.3333333333333333
1323,1.0,0.0,0.4
1185,0.0,0.0,0.0
2034,0.0,0.0,0.0
860,0.0,0.0,0.0
2583,0.3333333333333333,0.0,0.16666666666666666
381,0.0,0.0,0.0
470,0.3333333333333333,0.3333333333333333,0.3333333333333333
1153,0.3333333333333333,0.0,0.16666666666666666
1797,0.0,0.0,0.0
1209,0.0,0.0,0.0
1903,0.5,0.3333333333333333,0.4
700,0.0,0.3333333333333333,0.16666666666666666
1714,0.0,0.3333333333333333,0.16666666666666666
2063,0.0,0.0,0.0
1534,0.6666666666666666,0.3333333333333333,0.5
1310,0.3333333333333333,0.0,0.16666666666666666
1399,0.0,0.0,0.0
478,0.3333333333333333,0.3333333333333333,0.3333333333333333
1381,0.0,0.0,0.0
108,0.3333333333333333,0.0,0.16666666666666666
2456,0.0,0.3333333333333333,0.2
190,0.0,0.3333333333333333,0.2
1064,0.5,0.0,0.25
200,0.0,0.0,0.0
653,0.5,0.0,0.25
1495,0.5,0.0,0.25
2575,0.3333333333333333,0.3333333333333333,0.3333333333333333
2272,0.0,0.5,0.25
2286,0.0,0.3333333333333333,0.2
590,0.0,0.3333333333333333,0.16666666666666666
614,0.0,0.5,0.3333333333333333
320,0.6666666666666666,0.0,0.3333333333333333
1725,0.5,0.0,0.2
380,0.5,0.0,0.2
1247,0.0,0.0,0.0
1338,0.0,1.0,0.5
1759,0.0,0.0,0.0
165,0.3333333333333333,0.0,0.16666666666666666
699,0.3333333333333333,0.0,0.16666666666666666
1444,0.5,0.0,0.25
1089,0.5,0.3333333333333333,0.4
1398,0.0,0.0,0.0
994,0.0,0.0,0.0
360,0.0,0.0,0.0
714,0.0,0.0,0.0
1613,0.0,0.0,0.0
1555,0.0,0.0,0.0
1256,0.0,0.0,0.0
1788,0.3333333333333333,0.0,0.16666666666666666
1263,0.5,0.0,0.25
1829,0.3333333333333333,0.6666666666666666,0.5
1778,0.0,0.0,0.0
1164,0.0,0.0,0.0
1984,0.3333333333333333,0.3333333333333333,0.3333333333333333
1312,0.6666666666666666,0.3333333333333333,0.5
947,0.5,0.3333333333333333,0.4
166,0.6666666666666666,0.0,0.3333333333333333
1188,0.0,0.5,0.25
2606,0.5,0.0,0.25
1827,0.5,0.0,0.25
763,0.0,0.0,0.0
520,0.0,0.0,0.0
2416,0.0,0.0,0.0
445,0.3333333333333333,0.0,0.16666666666666666
2060,0.3333333333333333,0.0,0.16666666666666666
1644,0.0,0.3333333333333333,0.16666666666666666
121,0.6666666666666666,0.0,0.3333333333333333
2112,0.0,0.3333333333333333,0.16666666666666666
1072,0.0,0.0,0.0
1953,0.5,0.6666666666666666,0.6
2531,0.0,0.0,0.0
2275,0.3333333333333333,0.6666666666666666,0.5
698,0.0,0.0,0.0
633,0.5,0.0,0.2
1945,0.3333333333333333,0.0,0.16666666666666666
1956,1.0,0.0,0.5
98,0.0,0.3333333333333333,0.16666666666666666
907,0.6666666666666666,0.0,0.3333333333333333
1563,0.0,0.0,0.0
2493,0.5,0.0,0.25
210,1.0,0.0,0.3333333333333333
51,1.0,0.5,0.6666666666666666
126,0.6666666666666666,0.6666666666666666,0.6666666666666666
1795,0.3333333333333333,0.3333333333333333,0.3333333333333333
1441,0.0,0.0,0.0
135,0.5,0.0,0.25
458,0.0,0.0,0.0
44,0.0,0.0,0.0
685,0.0,0.0,0.0
1239,0.0,0.0,0.0
498,0.5,0.6666666666666666,0.6
341,1.0,0.5,0.6666666666666666
654,0.0,0.0,0.0
1604,1.0,0.0,0.3333333333333333
1822,0.0,0.0,0.0
443,1.0,0.0,0.4
2199,0.3333333333333333,0.0,0.16666666666666666
371,0.0,0.0,0.0
1035,0.0,0.0,0.0
1961,0.0,0.0,0.0
858,0.3333333333333333,0.0,0.16666666666666666
428,0.5,0.0,0.25
1502,0.5,0.5,0.5
1877,0.0,0.0,0.0
1102,0.0,0.3333333333333333,0.2
1499,0.0,0.0,0.0
2290,0.5,0.0,0.2
2223,0.3333333333333333,0.0,0.16666666666666666
1426,0.0,0.0,0.0
2423,0.0,0.0,0.0
2484,0.0,0.0,0.0
789,0.0,0.0,0.0
495,0.0,0.0,0.0
2593,0.3333333333333333,0.3333333333333333,0.3333333333333333
1938,0.0,0.0,0.0
867,0.3333333333333333,0.3333333333333333,0.3333333333333333
1425,0.0,0.0,0.0
1566,0.0,0.0,0.0
325,1.0,0.5,0.75
1412,0.3333333333333333,0.0,0.16666666666666666
351,0.0,0.0,0.0
548,1.0,0.0,0.3333333333333333
1314,0.0,0.3333333333333333,0.16666666666666666
2058,0.3333333333333333,0.0,0.16666666666666666
504,0.0,0.3333333333333333,0.2
1048,1.0,0.0,0.3333333333333333
1013,0.0,0.3333333333333333,0.16666666666666666
669,1.0,0.5,0.6666666666666666
2434,0.0,0.0,0.0
2153,0.0,0.0,0.0
340,0.0,0.3333333333333333,0.16666666666666666
922,0.0,0.0,0.0
895,0.5,0.0,0.2
961,0.0,0.0,0.0
2568,0.0,0.0,0.0
1403,0.6666666666666666,0.0,0.3333333333333333
1300,0.5,1.0,0.75
928,0.0,0.0,0.0
150,1.0,0.0,0.4
333,0.0,0.0,0.0
2321,0.0,0.0,0.0
896,0.6666666666666666,0.0,0.3333333333333333
1411,0.5,0.0,0.2
2472,0.5,0.0,0.2
258,0.0,0.0,0.0
78,0.0,0.0,0.0
1125,0.0,0.0,0.0
1138,0.5,0.0,0.25
1178,0.0,0.5,0.25
69,0.3333333333333333,0.6666666666666666,0.5
2396,0.3333333333333333,0.0,0.16666666666666666
208,0.5,0.3333333333333333,0.4
400,0.3333333333333333,0.3333333333333333,0.3333333333333333
256,0.5,0.3333333333333333,0.4
1220,0.0,0.0,0.0
968,0.3333333333333333,0.0,0.16666666666666666
352,0.0,0.5,0.25
30,0.0,0.3333333333333333,0.2
2091,1.0,0.3333333333333333,0.6
1607,0.0,0.0,0.0
2331,0.0,0.0,0.0
2172,0.0,0.6666666666666666,0.3333333333333333
486,0.0,0.0,0.0
55,0.0,0.0,0.0
2526,1.0,0.0,0.3333333333333333
824,0.0,0.0,0.0
807,0.0,0.0,0.0
1093,0.0,0.0,0.0
622,0.0,0.0,0.0
1915,0.3333333333333333,0.0,0.16666666666666666
863,0.0,0.5,0.25
1516,0.0,0.0,0.0
1572,0.0,0.0,0.0
274,0.0,0.0,0.0
691,0.0,0.0,0.0
366,1.0,0.0,0.4
2387,0.0,0.0,0.0
2548,0.0,0.0,0.0
2578,0.0,0.0,0.0
1520,0.5,0.3333333333333333,0.4
1190,0.0,0.0,0.0
708,0.0,0.0,0.0
471,0.0,0.3333333333333333,0.2
2596,0.0,0.0,0.0
2055,0.0,0.0,0.0
209,0.0,0.5,0.25
1429,0.0,0.0,0.0
1706,1.0,0.3333333333333333,0.6
981,0.0,0.0,0.0
1547,0.5,0.3333333333333333,0.4
189,1.0,0.0,0.4
1519,0.0,0.0,0.0
1241,0.0,0.0,0.0
1505,0.5,0.6666666666666666,0.6
1141,0.0,0.0,0.0
2108,0.0,0.0,0.0
2376,0.6666666666666666,0.0,0.3333333333333333
2201,1.0,0.0,0.3333333333333333
1021,1.0,0.5,0.6666666666666666
2181,0.5,0.0,0.25
538,0.3333333333333333,0.0,0.16666666666666666
1622,0.0,0.3333333333333333,0.16666666666666666
957,0.5,0.0,0.25
1302,0.0,0.5,0.3333333333333333
937,0.0,0.3333333333333333,0.16666666666666666
2537,0.0,0.0,0.0
1506,0.3333333333333333,1.0,0.6666666666666666
1311,0.6666666666666666,0.3333333333333333,0.5
1767,0.0,0.0,0.0
1754,0.0,0.0,0.0
1283,0.0,0.0,0.0
1374,0.5,0.3333333333333333,0.4
26,0.0,0.0,0.0
2483,0.5,0.5,0.5
2490,0.0,0.0,0.0
2502,0.0,0.0,0.0
911,0.5,0.0,0.25
1700,0.6666666666666666,0.3333333333333333,0.5
1536,0.0,0.0,0.0
842,0.0,0.0,0.0
1382,0.0,0.3333333333333333,0.2
2558,0.0,0.5,0.25
627,0.5,0.0,0.2
1590,0.0,0.0,0.0
946,0.0,0.0,0.0
851,0.0,0.0,0.0
1949,0.3333333333333333,0.0,0.16666666666666666
128,0.5,0.3333333333333333,0.4
557,0.0,0.0,0.0
1756,0.0,0.0,0.0
2014,0.0,0.0,0.0
293,0.5,0.5,0.5
2248,0.0,0.0,0.0
1105,0.0,0.0,0.0
2305,0.0,0.0,0.0
2536,0.5,0.0,0.2
1218,0.5,0.0,0.2
2241,0.0,0.0,0.0
1693,0.0,0.0,0.0
1448,0.0,0.0,0.0
1227,0.0,0.0,0.0
1465,0.5,0.0,0.25
436,0.0,0.0,0.0
592,1.0,0.0,0.3333333333333333
545,0.5,0.0,0.2
558,0.5,0.0,0.2
372,0.0,0.0,0.0
902,0.5,0.5,0.5
1574,0.0,0.3333333333333333,0.2
494,0.0,0.0,0.0
37,1.0,0.5,0.6666666666666666
2124,0.0,0.3333333333333333,0.2
1811,0.3333333333333333,0.3333333333333333,0.3333333333333333
828,0.3333333333333333,0.0,0.16666666666666666
382,0.0,0.0,0.0
1173,0.0,0.3333333333333333,0.16666666666666666
252,0.6666666666666666,0.0,0.3333333333333333
1462,0.0,0.0,0.0
1881,0.0,0.0,0.0
1558,0.0,0.5,0.25
1927,0.5,0.0,0.2
1380,1.0,0.0,0.4
260,0.0,0.0,0.0
423,0.3333333333333333,0.0,0.16666666666666666
9,0.0,0.5,0.25
2363,0.0,0.0,0.0
1836,0.5,0.0,0.25
2148,0.6666666666666666,0.3333333333333333,0.5
1094,0.3333333333333333,0.0,0.16666666666666666
986,0.0,0.0,0.0
1649,0.5,0.0,0.2
2451,0.0,0.0,0.0
1913,0.0,0.3333333333333333,0.16666666666666666
531,0.0,0.0,0.0
1110,0.0,0.0,0.0
430,0.0,0.5,0.25
255,0.3333333333333333,0.0,0.16666666666666666
2486,0.0,0.0,0.0
2293,0.0,0.0,0.0
1612,0.3333333333333333,0.0,0.16666666666666666
2166,0.0,0.0,0.0
786,0.3333333333333333,0.0,0.16666666666666666
2357,1.0,0.0,0.3333333333333333
288,0.5,0.0,0.2
831,0.0,0.0,0.0
2198,0.5,0.0,0.25
2514,0.0,0.5,0.25
712,0.3333333333333333,0.0,0.16666666666666666
2425,0.0,0.0,0.0
657,0.0,0.0,0.0
1743,0.0,0.0,0.0
1298,0.3333333333333333,0.0,0.16666666666666666
2053,0.0,0.0,0.0
1667,0.3333333333333333,0.3333333333333333,0.3333333333333333
2525,0.0,0.5,0.3333333333333333
1786,0.3333333333333333,0.3333333333333333,0.3333333333333333
2540,0.0,0.0,0.0
277,0.0,0.0,0.0
963,1.0,0.5,0.75
68,0.0,0.0,0.0
805,0.0,0.5,0.3333333333333333
35,0.0,0.5,0.3333333333333333
1007,0.5,0.0,0.25
2426,0.0,0.0,0.0
923,0.0,0.0,0.0
4,0.0,0.0,0.0
1419,0.5,0.0,0.25
228,0.0,0.0,0.0
550,0.0,0.0,0.0
2518,0.0,0.0,0.0
894,0.0,0.3333333333333333,0.2
1489,0.0,0.3333333333333333,0.2
64,0.0,0.0,0.0
2209,0.3333333333333333,0.0,0.16666666666666666
1792,0.3333333333333333,0.3333333333333333,0.3333333333333333
16,0.5,0.5,0.5
1088,1.0,0.0,0.4
741,0.0,0.0,0.0
456,0.0,0.0,0.0
1661,0.3333333333333333,0.0,0.16666666666666666
1060,0.5,0.5,0.5
2115,0.0,0.0,0.0
222,0.0,0.0,0.0
483,0.3333333333333333,0.3333333333333333,0.3333333333333333
434,0.0,0.0,0.0
2408,0.3333333333333333,0.0,0.16666666666666666
1019,0.5,0.0,0.25
1037,0.0,0.0,0.0
2165,0.5,0.0,0.25
1160,0.6666666666666666,0.3333333333333333,0.5
1421,0.0,0.0,0.0
2086,0.0,0.0,0.0
2409,0.3333333333333333,0.0,0.16666666666666666
1992,0.5,0.0,0.2
935,0.0,0.0,0.0
2563,0.0,0.0,0.0
2383,0.5,0.5,0.5
703,0.0,0.0,0.0
120,0.0,0.0,0.0
1281,0.0,0.5,0.3333333333333333
2045,0.0,0.5,0.25
771,0.0,0.0,0.0
1097,0.0,0.0,0.0
1183,0.0,0.0,0.0
2317,0.0,0.0,0.0
1864,0.0,0.0,0.0
2443,0.0,0.0,0.0
1342,1.0,0.5,0.75
437,0.0,1.0,1.0
83,0.0,0.3333333333333333,0.16666666666666666
2512,0.0,0.0,0.0
147,0.0,0.3333333333333333,0.16666666666666666
1761,0.5,0.0,0.2
662,0.0,0.0,0.0
1477,0.0,0.5,0.3333333333333333
554,0.5,0.0,0.25
2025,0.0,0.0,0.0
990,0.3333333333333333,0.0,0.16666666666666666
1423,0.5,0.0,0.25
1170,0.5,0.0,0.25
1891,0.5,0.3333333333333333,0.4
1134,0.0,0.0,0.0
2078,0.0,0.5,0.25
1453,0.3333333333333333,0.3333333333333333,0.3333333333333333
405,0.0,0.0,0.0
2458,0.0,0.3333333333333333,0.2
1518,0.3333333333333333,0.3333333333333333,0.3333333333333333
1387,0.0,0.0,0.0
852,1.0,0.0,0.3333333333333333
1882,0.0,0.0,0.0
757,0.0,0.3333333333333333,0.2
1428,0.0,0.0,0.0
1630,0.3333333333333333,0.3333333333333333,0.3333333333333333
2019,0.3333333333333333,0.0,0.16666666666666666
1119,0.0,0.0,0.0
844,0.3333333333333333,0.0,0.16666666666666666
1958,0.3333333333333333,0.3333333333333333,0.3333333333333333
302,0.6666666666666666,0.3333333333333333,0.5
354,0.0,0.0,0.0
193,0.0,0.0,0.0
2204,0.0,0.0,0.0
1375,0.5,0.3333333333333333,0.4
164,1.0,0.5,0.75
2519,0.0,0.0,0.0
2516,0.0,0.0,0.0
2398,0.0,0.0,0.0
1887,0.0,0.0,0.0
836,0.0,0.0,0.0
1095,0.0,0.0,0.0
1750,0.5,0.0,0.25
1854,0.5,0.3333333333333333,0.4
1640,0.0,0.0,0.0
1715,0.0,0.0,0.0
1583,0.0,1.0,0.5
655,0.0,0.0,0.0
1143,0.6666666666666666,0.3333333333333333,0.5
7,0.0,0.0,0.0
2609,0.0,0.0,0.0
783,0.0,0.3333333333333333,0.2
814,0.5,0.0,0.2
1325,0.0,0.0,0.0
1308,0.5,0.5,0.5
878,0.0,0.0,0.0
468,0.0,0.0,0.0
1408,0.5,0.0,0.2
502,0.5,0.5,0.5
1618,0.0,0.0,0.0
802,0.0,0.0,0.0
1324,0.3333333333333333,0.3333333333333333,0.3333333333333333
950,0.6666666666666666,0.6666666666666666,0.6666666666666666
906,0.0,0.0,0.0
770,0.0,0.6666666666666666,0.3333333333333333
1439,0.0,0.0,0.0
726,0.0,0.0,0.0
1065,0.0,0.5,0.25
980,0.0,0.0,0.0
744,0.0,0.0,0.0
1144,0.0,0.0,0.0
1274,0.0,0.5,0.25
297,0.6666666666666666,0.0,0.3333333333333333
2012,0.3333333333333333,0.6666666666666666,0.5
1694,0.3333333333333333,0.3333333333333333,0.3333333333333333
883,0.0,0.5,0.25
292,0.0,0.0,0.0
1063,0.0,0.0,0.0
412,0.3333333333333333,0.3333333333333333,0.3333333333333333
982,0.0,0.0,0.0
596,0.0,0.0,0.0
2137,1.0,0.0,0.3333333333333333
1250,0.0,0.0,0.0
2328,0.0,0.0,0.0
2233,0.6666666666666666,0.3333333333333333,0.5
2572,0.0,0.3333333333333333,0.2
1118,0.0,0.0,0.0
1894,0.0,0.0,0.0
1460,0.0,0.0,0.0
413,0.3333333333333333,0.6666666666666666,0.5
58,0.0,0.0,0.0
1605,0.0,0.3333333333333333,0.2
2186,0.0,0.5,0.25
1990,0.3333333333333333,0.3333333333333333,0.3333333333333333
1901,0.0,0.0,0.0
710,0.0,0.0,0.0
1732,0.0,0.0,0.0
1543,0.0,0.5,0.25
148,0.0,0.3333333333333333,0.16666666666666666
1704,0.0,0.0,0.0
370,0.5,0.5,0.5
924,1.0,0.0,0.3333333333333333
1678,0.3333333333333333,0.0,0.16666666666666666
1073,0.0,0.5,0.25
1871,0.0,0.0,0.0
1596,0.0,0.3333333333333333,0.16666666666666666
2326,0.5,0.0,0.25
638,0.3333333333333333,0.3333333333333333,0.3333333333333333
1401,0.0,0.0,0.0
684,0.0,0.0,0.0
1883,0.0,0.0,0.0
1148,0.0,0.0,0.0
227,0.0,0.0,0.0
192,0.0,0.0,0.0
171,0.0,0.0,0.0
2134,0.0,0.0,0.0
1339,0.3333333333333333,0.0,0.16666666666666666
650,0.0,0.0,0.0
964,0.0,0.0,0.0
593,0.5,0.3333333333333333,0.4
2238,0.0,0.0,0.0
576,0.0,0.0,0.0
1146,0.0,0.3333333333333333,0.16666666666666666
186,0.3333333333333333,0.6666666666666666,0.5
589,0.0,0.0,0.0
2029,0.0,0.0,0.0
2069,0.0,0.0,0.0
1321,0.0,0.0,0.0
1842,0.0,0.0,0.0
1373,0.0,0.0,0.0
1965,0.0,0.0,0.0
1033,0.0,0.0,0.0
389,0.0,0.0,0.0
2004,0.0,0.0,0.0
1159,0.3333333333333333,0.6666666666666666,0.5
1051,0.0,0.0,0.0
161,0.0,0.5,0.3333333333333333
1944,1.0,0.0,0.4
2432,0.0,0.0,0.0
565,0.0,0.0,0.0
477,0.5,0.0,0.2
2569,0.5,0.0,0.2
1860,0.0,0.0,0.0
2465,0.0,0.0,0.0
2182,0.0,0.0,0.0
1014,0.5,0.3333333333333333,0.4
447,0.3333333333333333,0.0,0.16666666666666666
327,0.0,1.0,0.5
2249,0.0,0.0,0.0
2210,1.0,0.0,0.5
1152,0.0,0.0,0.0
1964,0.6666666666666666,0.0,0.3333333333333333
2191,0.0,0.0,0.0
363,0.0,0.0,0.0
207,0.5,0.0,0.2
1352,0.6666666666666666,1.0,0.8333333333333334
1496,0.5,0.0,0.25
1075,0.0,0.0,0.0
335,0.0,0.0,0.0
1868,0.0,0.0,0.0
532,1.0,0.0,0.3333333333333333
359,0.5,0.3333333333333333,0.4
579,0.0,0.0,0.0
724,0.0,0.0,0.0
891,0.0,0.0,0.0
1404,0.0,0.3333333333333333,0.16666666666666666
615,0.0,0.0,0.0
1376,0.0,0.0,0.0
2135,1.0,0.5,0.75
2160,0.0,0.0,0.0
1874,0.0,0.0,0.0
954,0.3333333333333333,0.0,0.16666666666666666
111,0.5,0.0,0.2
1642,0.0,0.3333333333333333,0.16666666666666666
2354,0.0,0.0,0.0
2542,1.0,0.0,0.3333333333333333
2457,0.0,0.0,0.0
1737,0.0,1.0,0.5
1103,0.3333333333333333,0.0,0.16666666666666666
1040,0.0,0.0,0.0
426,0.0,0.5,0.3333333333333333
645,0.0,0.3333333333333333,0.16666666666666666
2228,0.5,0.0,0.25
934,0.0,0.0,0.0
2345,0.0,0.3333333333333333,0.16666666666666666
1279,0.0,0.0,0.0
2315,0.0,0.5,0.25
1161,0.0,0.5,0.3333333333333333
1760,0.0,0.0,0.0
846,0.0,0.3333333333333333,0.16666666666666666
1878,0.0,0.0,0.0
1435,0.0,0.5,0.25
620,0.6666666666666666,0.0,0.3333333333333333
1904,0.0,0.0,0.0
1840,0.0,0.5,0.3333333333333333
402,0.0,0.0,0.0
313,0.0,0.3333333333333333,0.2
1735,0.0,0.0,0.0
441,0.0,0.0,0.0
2294,0.3333333333333333,0.0,0.16666666666666666
1252,0.5,0.3333333333333333,0.4
1410,0.0,0.0,0.0
462,0.0,0.0,0.0
1299,0.0,0.0,0.0
884,0.0,0.0,0.0
110,0.6666666666666666,0.0,0.3333333333333333
1267,0.0,0.3333333333333333,0.2
711,0.0,0.0,0.0
1446,1.0,0.5,0.75
1886,0.5,0.0,0.25
2549,0.6666666666666666,0.0,0.3333333333333333
1059,0.0,0.5,0.25
1231,0.3333333333333333,0.0,0.16666666666666666
2151,0.0,0.0,0.0
416,0.0,0.0,0.0
57,0.0,0.0,0.0
857,0.6666666666666666,0.6666666666666666,0.6666666666666666
424,0.5,0.0,0.25
938,0.0,0.0,0.0
1542,0.0,0.0,0.0
2445,0.0,0.0,0.0
1937,0.5,0.0,0.2
355,0.0,0.3333333333333333,0.2
1012,0.0,0.3333333333333333,0.16666666666666666
1917,0.0,0.0,0.0
1922,0.0,0.0,0.0
768,0.3333333333333333,0.3333333333333333,0.3333333333333333
2221,0.0,0.0,0.0
1454,1.0,0.0,0.3333333333333333
2544,0.0,0.3333333333333333,0.16666666666666666
931,0.5,0.0,0.25
2466,0.0,1.0,0.6
1538,0.3333333333333333,0.0,0.16666666666666666
2212,0.6666666666666666,0.3333333333333333,0.5
1509,0.0,0.3333333333333333,0.2
1452,0.0,0.0,0.0
1390,0.0,0.0,0.0
1672,0.3333333333333333,0.0,0.16666666666666666
1456,0.3333333333333333,0.0,0.16666666666666666
2288,0.5,0.3333333333333333,0.4
2400,0.0,0.0,0.0
141,0.3333333333333333,0.3333333333333333,0.3333333333333333
681,0.0,0.0,0.0
1001,0.0,0.3333333333333333,0.2
1974,0.5,0.5,0.5
1179,0.0,0.0,0.0
773,0.0,0.0,0.0
1847,0.6666666666666666,0.3333333333333333,0.5
278,0.0,0.0,0.0
2545,0.0,0.0,0.0
1069,0.0,0.0,0.0
1684,0.0,0.3333333333333333,0.16666666666666666
2523,0.5,0.3333333333333333,0.4
680,0.0,0.0,0.0
1327,0.3333333333333333,0.3333333333333333,0.3333333333333333
1481,0.0,0.3333333333333333,0.2
485,0.3333333333333333,0.3333333333333333,0.3333333333333333
349,0.5,0.0,0.25
2393,0.3333333333333333,0.0,0.16666666666666666
1808,0.0,0.0,0.0
522,0.0,0.0,0.0
2343,0.0,0.0,0.0
480,0.0,0.0,0.0
13,0.5,0.5,0.5
1935,0.0,0.0,0.0
2121,0.3333333333333333,0.0,0.16666666666666666
337,0.0,0.3333333333333333,0.2
272,1.0,0.0,0.5
2146,0.5,0.0,0.2
1606,0.0,0.0,0.0
999,0.3333333333333333,0.6666666666666666,0.5
348,0.5,0.5,0.5
2303,0.0,0.0,0.0
496,0.5,0.5,0.5
268,1.0,0.0,0.5
92,0.0,0.0,0.0
2118,0.0,0.0,0.0
2454,0.0,0.0,0.0
977,0.0,0.0,0.0
639,0.6666666666666666,0.3333333333333333,0.5
2218,0.0,0.0,0.0
1237,0.0,0.0,0.0
1440,0.0,0.5,0.25
519,0.0,0.0,0.0
2090,0.0,0.0,0.0
1919,0.0,0.3333333333333333,0.2
310,0.0,0.0,0.0
916,0.6666666666666666,0.0,0.3333333333333333
797,0.6666666666666666,0.3333333333333333,0.5
24,0.3333333333333333,0.3333333333333333,0.3333333333333333
567,0.0,0.0,0.0
1486,0.0,0.3333333333333333,0.2
1662,0.6666666666666666,0.3333333333333333,0.5
2247,0.0,0.0,0.0
2412,0.5,0.0,0.2
2188,1.0,0.0,0.5
2170,1.0,0.0,0.3333333333333333
2154,0.0,0.0,0.0
270,0.0,0.0,0.0
76,0.3333333333333333,0.3333333333333333,0.3333333333333333
1635,0.3333333333333333,0.0,0.16666666666666666
778,0.5,0.6666666666666666,0.6
2570,0.0,0.3333333333333333,0.16666666666666666
2355,0.0,0.0,0.0
2494,0.0,0.0,0.0
2302,0.0,0.0,0.0
812,0.5,0.3333333333333333,0.4
671,0.0,0.0,0.0
1740,0.0,0.0,0.0
1271,0.5,0.5,0.5
989,0.0,0.3333333333333333,0.2
1165,0.0,0.0,0.0
2067,0.0,0.0,0.0
259,0.5,0.0,0.25
2005,0.0,0.0,0.0
2504,0.0,0.0,0.0
1068,0.0,0.0,0.0
1244,0.5,0.0,0.2
122,0.0,0.0,0.0
2292,1.0,0.0,0.3333333333333333
263,0.5,0.3333333333333333,0.4
66,0.0,0.0,0.0
178,0.0,0.0,0.0
556,0.0,0.3333333333333333,0.16666666666666666
264,0.0,0.6666666666666666,0.4
2039,0.3333333333333333,0.0,0.16666666666666666
1459,0.5,0.0,0.25
709,1.0,0.0,0.3333333333333333
2421,0.0,0.0,0.0
2081,0.5,0.0,0.2
2477,0.0,0.0,0.0
216,0.0,0.6666666666666666,0.3333333333333333
1826,0.0,0.3333333333333333,0.2
1906,0.0,0.0,0.0
2008,0.3333333333333333,0.6666666666666666,0.5
2418,0.6666666666666666,0.0,0.3333333333333333
540,0.0,0.0,0.0
173,0.0,0.0,0.0
162,0.0,0.0,0.0
1100,0.6666666666666666,1.0,0.8333333333333334
1819,0.3333333333333333,0.0,0.16666666666666666
1858,0.0,0.0,0.0
2491,0.0,0.0,0.0
2338,0.0,0.0,0.0
2556,0.3333333333333333,0.3333333333333333,0.3333333333333333
1224,0.0,0.0,0.0
1287,0.5,0.0,0.25
1212,0.0,0.6666666666666666,0.4
2149,0.0,0.0,0.0
2496,0.0,0.0,0.0
2256,0.0,0.0,0.0
2242,0.0,0.5,0.25
2084,0.5,0.0,0.25
2480,0.3333333333333333,0.3333333333333333,0.3333333333333333
2279,0.0,0.0,0.0
1940,0.6666666666666666,0.0,0.3333333333333333
2375,0.5,0.3333333333333333,0.4
2610,0.0,0.0,0.0
918,1.0,0.0,0.5
2071,0.0,0.0,0.0
2332,0.0,0.0,0.0
1848,0.3333333333333333,0.3333333333333333,0.3333333333333333
95,0.0,0.0,0.0
2044,0.3333333333333333,0.0,0.16666666666666666
155,0.0,0.0,0.0
2036,0.0,0.0,0.0
54,0.0,0.0,0.0
1108,0.0,0.0,0.0
140,0.3333333333333333,0.3333333333333333,0.3333333333333333
2419,0.0,0.0,0.0
2177,0.0,0.0,0.0
2464,0.0,0.0,0.0
813,0.0,0.0,0.0
575,0.0,0.0,0.0
695,0.6666666666666666,0.0,0.3333333333333333
1727,0.0,0.0,0.0
306,0.0,0.0,0.0
1933,0.5,0.0,0.25
888,0.0,0.0,0.0
534,0.0,0.3333333333333333,0.2
526,0.0,0.0,0.0
536,1.0,0.0,0.3333333333333333
2471,0.0,0.3333333333333333,0.2
2462,0.0,0.0,0.0
2384,0.6666666666666666,0.0,0.3333333333333333
2495,0.5,0.0,0.25
2489,1.0,0.0,0.5
1816,0.0,0.0,0.0
2202,0.0,0.0,0.0
1866,1.0,0.0,0.3333333333333333
2023,0.0,0.0,0.0
187,0.5,0.0,0.25
379,0.3333333333333333,0.3333333333333333,0.3333333333333333
1517,0.3333333333333333,0.3333333333333333,0.3333333333333333
2336,0.0,0.0,0.0
901,0.0,0.5,0.25
118,0.6666666666666666,0.0,0.3333333333333333
972,0.0,0.0,0.0
559,0.0,0.0,0.0
1002,0.0,0.0,0.0
1181,0.0,0.5,0.25
1047,0.0,0.0,0.0
454,0.0,0.3333333333333333,0.16666666666666666
1975,0.0,0.0,0.0
34,1.0,0.0,0.3333333333333333
1804,0.0,0.6666666666666666,0.3333333333333333
1044,0.0,0.3333333333333333,0.16666666666666666
586,0.0,0.5,0.25
788,0.0,0.3333333333333333,0.16666666666666666
1207,0.0,0.0,0.0
261,0.5,0.3333333333333333,0.4
2385,0.0,0.0,0.0
1336,0.0,0.3333333333333333,0.16666666666666666
2226,0.5,0.0,0.25
1928,0.0,0.0,0.0
2450,0.0,0.0,0.0
2561,0.0,0.0,0.0
551,0.0,0.0,0.0
397,0.6666666666666666,0.0,0.3333333333333333
793,0.0,0.0,0.0
1650,0.0,0.3333333333333333,0.2
967,0.3333333333333333,0.3333333333333333,0.3333333333333333
53,1.0,0.0,0.3333333333333333
2364,0.0,0.3333333333333333,0.16666666666666666
332,1.0,0.0,0.5
317,0.3333333333333333,0.3333333333333333,0.3333333333333333
1730,0.0,0.0,0.0
160,0.0,0.5,0.3333333333333333
1285,0.0,0.0,0.0
156,0.0,0.0,0.0
102,0.6666666666666666,0.0,0.3333333333333333
1951,0.3333333333333333,0.0,0.16666666666666666
751,0.0,0.0,0.0
2061,0.0,0.0,0.0
1600,0.0,0.0,0.0
2442,0.0,0.0,0.0
2220,1.0,0.5,0.6666666666666666
1042,0.0,0.3333333333333333,0.16666666666666666
1571,1.0,0.0,0.3333333333333333
331,0.0,0.5,0.25
1707,0.0,0.0,0.0
2594,0.6666666666666666,0.6666666666666666,0.6666666666666666
198,0.6666666666666666,0.6666666666666666,0.6666666666666666
179,0.6666666666666666,0.0,0.3333333333333333
2144,0.5,0.0,0.2
2433,0.0,0.0,0.0
1415,0.5,0.0,0.2
1245,0.0,0.0,0.0
2096,0.5,0.0,0.25
1789,0.0,0.0,0.0
236,1.0,0.0,0.3333333333333333
432,0.0,0.0,0.0
1191,0.6666666666666666,0.3333333333333333,0.5
832,0.3333333333333333,0.3333333333333333,0.3333333333333333
573,0.0,0.0,0.0
1659,0.0,0.0,0.0
1621,0.3333333333333333,0.3333333333333333,0.3333333333333333
2404,0.0,0.3333333333333333,0.2
6,0.0,0.3333333333333333,0.2
1194,0.5,0.0,0.2
1223,0.3333333333333333,0.3333333333333333,0.3333333333333333
1293,0.3333333333333333,0.3333333333333333,0.3333333333333333
1581,0.5,0.0,0.25
1989,0.0,0.0,0.0
2581,0.0,0.0,0.0
1835,0.0,1.0,0.5
2566,0.6666666666666666,0.0,0.3333333333333333
2524,0.0,0.0,0.0
539,0.0,0.0,0.0
2093,0.0,0.0,0.0
530,0.5,0.0,0.25
1186,0.5,0.0,0.25
1050,0.0,0.5,0.3333333333333333
1022,0.5,0.0,0.25
945,0.0,0.0,0.0
1962,0.0,0.6666666666666666,0.3333333333333333
47,0.0,0.0,0.0
646,0.3333333333333333,0.3333333333333333,0.3333333333333333
2330,0.0,0.0,0.0
2353,0.0,0.0,0.0
394,0.0,1.0,0.5
417,0.0,0.0,0.0
1217,0.0,0.0,0.0
2591,0.0,0.0,0.0
36,0.0,0.5,0.3333333333333333
1772,0.0,0.5,0.25
1987,0.0,0.3333333333333333,0.16666666666666666
295,0.3333333333333333,0.0,0.16666666666666666
992,0.0,0.3333333333333333,0.16666666666666666
94,0.0,0.0,0.0
386,0.5,0.0,0.2
780,0.5,0.0,0.25
2349,0.0,0.0,0.0
2158,1.0,0.0,0.5
877,0.0,0.0,0.0
185,0.0,0.3333333333333333,0.16666666666666666
97,0.0,0.0,0.0
1213,0.0,0.3333333333333333,0.16666666666666666
345,1.0,0.0,0.3333333333333333
184,0.0,0.0,0.0
959,0.5,0.0,0.25
1135,0.5,0.5,0.5
1833,0.0,0.0,0.0
1746,0.0,0.0,0.0
649,0.0,0.0,0.0
1483,0.0,0.3333333333333333,0.16666666666666666
1320,0.0,0.0,0.0
619,0.3333333333333333,0.3333333333333333,0.3333333333333333
1422,0.0,0.0,0.0
808,1.0,0.5,0.6666666666666666
1467,0.0,0.0,0.0
2041,0.0,0.0,0.0
939,0.0,0.0,0.0
2306,0.0,0.0,0.0
1931,0.0,0.0,0.0
1873,0.0,0.0,0.0
1609,0.0,1.0,0.5
1277,0.5,0.0,0.25
921,0.0,0.0,0.0
2320,0.3333333333333333,0.0,0.16666666666666666
2142,0.5,0.0,0.2
1407,0.0,0.0,0.0
214,0.0,0.0,0.0
1219,1.0,0.0,0.3333333333333333
2259,0.3333333333333333,0.3333333333333333,0.3333333333333333
2163,0.0,0.5,0.25
1087,0.0,0.3333333333333333,0.16666666666666666
2500,0.0,0.0,0.0
2499,0.0,0.0,0.0
809,1.0,0.5,0.6666666666666666
2113,0.0,0.6666666666666666,0.3333333333333333
2030,0.0,0.0,0.0
1589,0.0,0.0,0.0
487,0.6666666666666666,0.3333333333333333,0.5
2550,0.5,0.6666666666666666,0.6
944,0.0,0.0,0.0
825,0.0,0.3333333333333333,0.2
1171,0.0,0.0,0.0
1624,0.3333333333333333,0.0,0.16666666666666666
1656,0.0,0.0,0.0
67,0.0,0.0,0.0
2207,0.6666666666666666,1.0,0.8333333333333334
365,0.0,0.0,0.0
2059,0.0,0.0,0.0
659,0.0,0.0,0.0
334,0.0,0.3333333333333333,0.2
1576,0.3333333333333333,0.0,0.16666666666666666
1889,0.0,0.0,0.0
1820,1.0,0.0,0.3333333333333333
908,0.5,0.5,0.5
1402,0.0,0.0,0.0
1599,0.6666666666666666,0.0,0.3333333333333333
1863,0.0,0.0,0.0
2107,0.0,0.0,0.0
406,0.0,1.0,0.5
144,0.0,0.0,0.0
1529,0.3333333333333333,0.0,0.16666666666666666
1162,0.3333333333333333,0.0,0.16666666666666666
142,0.0,0.0,0.0
1392,0.3333333333333333,0.3333333333333333,0.3333333333333333
2164,0.0,0.5,0.25
613,0.0,0.0,0.0
251,0.5,0.5,0.5
507,0.5,0.0,0.25
1458,0.0,0.0,0.0
765,0.0,0.0,0.0
2174,0.3333333333333333,0.6666666666666666,0.5
342,0.0,0.0,0.0
1294,0.0,0.0,0.0
987,1.0,0.0,0.3333333333333333
1729,0.0,0.0,0.0
806,0.0,0.5,0.3333333333333333
492,0.0,0.5,0.3333333333333333
1957,0.5,0.0,0.2
1629,0.0,0.0,0.0
343,0.0,0.0,0.0
300,0.3333333333333333,0.0,0.16666666666666666
23,1.0,0.0,0.5
2506,0.0,0.0,0.0
2161,0.0,0.0,0.0
998,0.0,1.0,0.5
834,1.0,0.0,0.5
1356,0.5,0.0,0.25
1939,0.3333333333333333,0.0,0.16666666666666666
239,0.3333333333333333,0.0,0.16666666666666666
461,0.3333333333333333,0.3333333333333333,0.3333333333333333
2296,0.5,0.0,0.25
2607,0.0,0.0,0.0
90,0.0,0.3333333333333333,0.2
1331,0.6666666666666666,0.0,0.3333333333333333
2130,0.0,1.0,0.5
1611,0.6666666666666666,0.0,0.3333333333333333
692,0.3333333333333333,0.6666666666666666,0.5
2262,0.0,0.0,0.0
1052,1.0,0.0,0.3333333333333333
719,0.0,0.0,0.0
1268,0.3333333333333333,0.0,0.16666666666666666
2156,0.0,0.0,0.0
601,0.0,1.0,0.5
1149,1.0,0.3333333333333333,0.6666666666666666
913,0.0,0.0,0.0
2599,0.0,0.0,0.0
2394,0.5,0.0,0.2
1832,0.0,0.0,0.0
892,0.0,0.3333333333333333,0.2
1157,0.3333333333333333,0.0,0.16666666666666666
2176,0.0,0.5,0.25
1695,0.3333333333333333,0.0,0.16666666666666666
1857,0.0,0.0,0.0
1487,0.0,0.0,0.0
1330,0.5,0.0,0.2
870,1.0,0.0,0.4
594,0.0,0.3333333333333333,0.16666666666666666
2335,0.6666666666666666,0.0,0.3333333333333333
563,0.0,0.0,0.0
1034,0.5,0.0,0.2
626,0.3333333333333333,0.3333333333333333,0.3333333333333333
1821,0.3333333333333333,0.0,0.16666666666666666
1265,0.0,0.0,0.0
2026,0.0,0.0,0.0
1892,0.5,0.3333333333333333,0.4
1322,0.5,0.0,0.2
2571,0.5,0.0,0.2
1437,0.6666666666666666,0.0,0.3333333333333333
715,0.0,0.0,0.0
2401,0.0,0.0,0.0
1071,0.0,0.0,0.0
2447,0.0,0.0,0.0
2206,0.3333333333333333,0.0,0.16666666666666666
1812,0.0,0.0,0.0
607,0.0,0.3333333333333333,0.2
1332,0.3333333333333333,0.0,0.16666666666666666
2576,1.0,0.0,0.5
188,0.0,0.0,0.0
99,0.0,0.0,0.0
1955,0.0,0.5,0.3333333333333333
1414,0.0,0.0,0.0
1799,0.3333333333333333,0.3333333333333333,0.3333333333333333
1592,0.6666666666666666,0.0,0.3333333333333333
1275,0.0,0.0,0.0
1546,0.5,0.0,0.2
2414,0.0,0.0,0.0
1503,0.3333333333333333,0.0,0.16666666666666666
1362,0.0,0.5,0.3333333333333333
1522,0.5,0.6666666666666666,0.6
488,0.5,0.0,0.2
93,0.0,0.0,0.0
1189,0.5,0.0,0.2
1340,0.0,0.0,0.0
2109,0.3333333333333333,0.0,0.16666666666666666
106,0.3333333333333333,0.0,0.16666666666666666
1266,0.0,0.6666666666666666,0.3333333333333333
1238,0.0,0.3333333333333333,0.16666666666666666
1830,0.5,0.0,0.2
2316,0.0,0.0,0.0
997,0.0,0.3333333333333333,0.2
356,0.5,0.3333333333333333,0.4
1539,0.6666666666666666,0.6666666666666666,0.6666666666666666
29,0.3333333333333333,0.6666666666666666,0.5
2225,1.0,0.0,0.3333333333333333
988,0.5,0.0,0.2
1061,0.5,0.0,0.25
391,0.0,0.0,0.0
1780,0.5,0.5,0.5
1289,0.5,0.5,0.5
2087,0.0,0.0,0.0
1230,0.0,0.0,0.0
588,0.0,0.0,0.0
1433,0.0,0.0,0.0
2291,0.0,0.0,0.0
438,1.0,0.5,0.75
880,0.0,0.3333333333333333,0.16666666666666666
291,0.5,0.0,0.2
2470,0.5,0.0,0.2
2308,0.3333333333333333,0.0,0.16666666666666666
497,1.0,0.0,0.3333333333333333
759,1.0,0.0,0.3333333333333333
749,0.5,0.0,0.25
720,0.0,0.5,0.3333333333333333
1979,0.6666666666666666,0.3333333333333333,0.5
1464,0.0,0.5,0.3333333333333333
734,1.0,0.0,0.5
521,0.0,0.0,0.0
665,1.0,0.0,0.3333333333333333
2046,0.0,1.0,1.0
570,1.0,0.0,0.3333333333333333
450,0.0,0.0,0.0
941,0.0,0.6666666666666666,0.3333333333333333
476,0.6666666666666666,0.0,0.3333333333333333
864,0.0,0.0,0.0
1251,0.0,0.0,0.0
2162,0.0,0.0,0.0
109,0.0,0.0,0.0
1902,0.6666666666666666,0.0,0.3333333333333333
1924,0.0,0.0,0.0
1968,0.0,0.0,0.0
1273,0.0,0.0,0.0
1445,0.0,0.0,0.0
1598,0.5,0.3333333333333333,0.4
2517,0.0,0.0,0.0
1099,0.0,0.0,0.0
119,0.6666666666666666,0.0,0.3333333333333333
2015,0.0,0.0,0.0
2469,0.0,0.0,0.0
2473,0.0,0.0,0.0
364,0.0,0.0,0.0
647,0.0,0.6666666666666666,0.4
971,0.0,0.0,0.0
1537,0.0,0.0,0.0
455,0.0,0.0,0.0
2598,0.5,0.0,0.25
2374,0.0,0.0,0.0
1948,0.0,0.0,0.0
1121,0.5,0.0,0.25
1083,1.0,0.0,0.4
1295,0.6666666666666666,0.3333333333333333,0.5
2487,0.0,1.0,0.6666666666666666
1232,0.0,0.0,0.0
1682,0.0,0.3333333333333333,0.16666666666666666
1670,0.0,0.0,0.0
1947,0.0,0.0,0.0
1276,0.0,0.0,0.0
566,0.3333333333333333,0.0,0.16666666666666666
1240,0.0,0.0,0.0
191,0.5,0.0,0.25
368,0.0,0.0,0.0
1163,0.0,0.0,0.0
1243,0.6666666666666666,0.0,0.3333333333333333
1180,0.5,0.5,0.5
725,0.0,0.0,0.0
1865,0.0,0.0,0.0
1003,0.3333333333333333,0.0,0.16666666666666666
1307,1.0,0.0,0.5
107,0.0,0.0,0.0
1805,0.3333333333333333,0.0,0.16666666666666666
1133,0.5,0.3333333333333333,0.4
1187,0.5,0.0,0.25
932,0.0,0.0,0.0
1009,0.3333333333333333,0.6666666666666666,0.5
2350,0.0,0.0,0.0
22,0.5,0.0,0.25
630,0.0,0.3333333333333333,0.2
2314,0.0,0.5,0.25
1406,0.0,0.0,0.0
56,0.0,0.0,0.0
2234,0.0,0.0,0.0
2368,0.0,0.3333333333333333,0.16666666666666666
2590,0.3333333333333333,0.0,0.16666666666666666
367,0.0,0.0,0.0
1988,0.0,0.0,0.0
2474,0.0,0.0,0.0
132,0.3333333333333333,0.0,0.16666666666666666
2429,0.5,0.3333333333333333,0.4
440,0.5,0.6666666666666666,0.6
1787,0.0,0.0,0.0
2431,0.5,0.0,0.25
2002,0.0,0.3333333333333333,0.16666666666666666
1085,0.0,0.0,0.0
702,1.0,0.0,0.5
466,0.6666666666666666,0.0,0.3333333333333333
1514,0.0,0.0,0.0
2428,1.0,0.0,0.3333333333333333
1199,0.3333333333333333,0.0,0.16666666666666666
2128,0.3333333333333333,0.0,0.16666666666666666
2102,0.0,0.0,0.0
801,0.5,0.0,0.25
1278,0.0,0.0,0.0
618,1.0,0.0,0.5
1733,0.5,0.0,0.2
131,0.0,0.5,0.3333333333333333
2351,0.5,0.0,0.25
2240,0.0,0.0,0.0
1235,0.0,0.0,0.0
2110,0.0,0.3333333333333333,0.2
490,0.0,0.0,0.0
315,0.5,0.0,0.2
91,0.5,0.0,0.2
1960,0.0,0.0,0.0
2437,0.0,0.0,0.0
2000,0.0,0.0,0.0
1260,0.0,0.0,0.0
1669,0.0,0.3333333333333333,0.16666666666666666
1353,0.0,0.5,0.3333333333333333
1758,0.0,0.5,0.3333333333333333
635,0.0,0.5,0.25
1348,1.0,1.0,1.0
316,0.0,0.5,0.25
1508,0.5,0.0,0.2
1193,0.0,0.6666666666666666,0.3333333333333333
582,0.5,0.0,0.2
85,0.0,0.0,0.0
739,1.0,0.5,0.6666666666666666
133,0.0,0.3333333333333333,0.16666666666666666
2229,0.5,0.0,0.2
2178,0.0,0.0,0.0
1198,0.0,0.0,0.0
1769,0.0,0.0,0.0
305,0.0,0.0,0.0
1046,0.0,0.3333333333333333,0.16666666666666666
411,1.0,0.0,0.5
163,0.0,0.0,0.0
1284,0.0,0.0,0.0
1677,0.0,0.0,0.0
584,0.0,1.0,0.5
1623,0.6666666666666666,0.0,0.3333333333333333
1905,0.3333333333333333,0.0,0.16666666666666666
1699,0.3333333333333333,0.3333333333333333,0.3333333333333333
1747,0.0,0.0,0.0
1844,0.3333333333333333,0.3333333333333333,0.3333333333333333
1614,0.3333333333333333,0.0,0.16666666666666666
1577,0.3333333333333333,0.0,0.16666666666666666
678,0.0,0.0,0.0
1343,0.0,0.0,0.0
1319,0.5,0.0,0.2
1258,0.5,0.3333333333333333,0.4
2347,1.0,0.0,0.5
879,0.0,0.0,0.0
2266,0.0,0.0,0.0
19,0.0,0.0,0.0
1663,0.0,0.6666666666666666,0.3333333333333333
1366,0.6666666666666666,0.3333333333333333,0.5
2097,0.5,0.0,0.25
429,0.0,0.0,0.0
1203,0.0,0.0,0.0
2318,0.0,0.5,0.25
2082,0.0,0.0,0.0
839,0.3333333333333333,0.6666666666666666,0.5
1455,0.6666666666666666,0.3333333333333333,0.5
1567,0.0,0.0,0.0
1029,0.5,0.6666666666666666,0.6
1845,0.6666666666666666,0.0,0.3333333333333333
603,0.0,0.5,0.25
398,0.6666666666666666,0.3333333333333333,0.5
2239,0.0,0.0,0.0
2300,0.6666666666666666,0.3333333333333333,0.5
648,0.0,0.3333333333333333,0.2
925,0.5,0.0,0.2
1585,0.0,0.0,0.0
1301,0.0,0.0,0.0
1724,0.0,0.0,0.0
1303,0.0,0.0,0.0
1043,0.3333333333333333,0.3333333333333333,0.3333333333333333
1196,0.0,0.0,0.0
2268,0.3333333333333333,0.0,0.16666666666666666
444,0.3333333333333333,0.0,0.16666666666666666
1770,0.0,0.0,0.0
732,0.5,0.0,0.25
2076,0.3333333333333333,0.0,0.16666666666666666
463,0.0,0.0,0.0
1872,0.0,0.3333333333333333,0.16666666666666666
1346,1.0,0.3333333333333333,0.6666666666666666
2219,1.0,0.5,0.6666666666666666
157,1.0,0.0,0.3333333333333333
2230,0.0,0.0,0.0
748,1.0,0.0,0.5
197,1.0,0.0,0.5
1731,0.0,0.0,0.0
2258,0.0,0.0,0.0
1474,0.3333333333333333,0.3333333333333333,0.3333333333333333
940,0.0,0.0,0.0
115,0.6666666666666666,0.0,0.3333333333333333
2438,0.3333333333333333,0.0,0.16666666666666666
2077,0.5,0.0,0.25
2027,0.6666666666666666,0.0,0.3333333333333333
414,0.3333333333333333,0.3333333333333333,0.3333333333333333
1418,0.0,0.3333333333333333,0.16666666666666666
2232,0.0,0.0,0.0
1208,0.5,0.0,0.25
1504,0.5,0.0,0.2
353,0.5,0.0,0.2
2169,1.0,0.0,0.3333333333333333
1651,0.0,0.0,0.0
1030,1.0,0.3333333333333333,0.6
569,0.6666666666666666,0.0,0.3333333333333333
862,0.0,0.0,0.0
1365,0.3333333333333333,1.0,0.6666666666666666
1476,0.0,0.0,0.0
843,0.3333333333333333,0.0,0.16666666666666666
847,0.0,0.3333333333333333,0.16666666666666666
1705,0.0,0.0,0.0
1337,0.3333333333333333,0.6666666666666666,0.5
761,0.3333333333333333,0.3333333333333333,0.3333333333333333
1952,0.0,0.0,0.0
1184,0.5,0.0,0.25
168,0.0,0.3333333333333333,0.16666666666666666
1526,0.0,0.0,0.0
1420,0.5,0.5,0.5
2585,0.5,0.0,0.25
2214,0.5,0.0,0.25
1548,0.5,0.0,0.2
442,0.3333333333333333,0.0,0.16666666666666666
2287,0.5,0.3333333333333333,0.4
211,0.5,0.0,0.2
1028,0.0,0.0,0.0
2299,0.0,0.0,0.0
2373,0.0,0.3333333333333333,0.16666666666666666
217,0.0,0.0,0.0
199,0.5,0.0,0.25
212,0.0,0.0,0.0
1246,0.0,0.0,0.0
1703,1.0,0.0,0.3333333333333333
670,0.3333333333333333,0.0,0.16666666666666666
718,0.0,0.5,0.3333333333333333
1215,0.0,0.0,0.0
1999,0.0,0.0,0.0
1934,0.5,0.3333333333333333,0.4
769,0.3333333333333333,0.0,0.16666666666666666
529,0.5,0.0,0.2
2577,0.0,0.3333333333333333,0.16666666666666666
1929,1.0,0.0,0.3333333333333333
1084,0.0,0.3333333333333333,0.2
2313,0.0,0.0,0.0
1540,0.3333333333333333,0.3333333333333333,0.3333333333333333
2538,0.0,0.3333333333333333,0.16666666666666666
2189,0.5,0.0,0.25
1666,0.3333333333333333,0.3333333333333333,0.3333333333333333
2481,0.0,0.0,0.0
205,0.0,0.0,0.0
1723,0.5,0.0,0.2
2155,1.0,0.0,0.5
591,0.0,0.0,0.0
2224,0.0,0.0,0.0
1039,0.0,0.0,0.0
174,0.3333333333333333,0.0,0.16666666666666666
616,0.5,0.3333333333333333,0.4
1777,0.0,0.0,0.0
1306,1.0,0.0,0.3333333333333333
180,0.6666666666666666,0.6666666666666666,0.6666666666666666
1615,0.6666666666666666,0.0,0.3333333333333333
2348,1.0,0.0,0.5
562,0.0,0.5,0.3333333333333333
1734,0.0,0.3333333333333333,0.16666666666666666
2139,0.5,0.0,0.2
2379,0.0,0.3333333333333333,0.16666666666666666
2281,0.0,0.0,0.0
2344,0.5,0.3333333333333333,0.4
357,0.5,0.0,0.2
2439,0.3333333333333333,0.0,0.16666666666666666
472,0.3333333333333333,0.0,0.16666666666666666
1461,0.0,0.0,0.0
2244,0.0,0.0,0.0
451,0.0,0.0,0.0
1176,0.5,0.5,0.5
499,0.5,0.3333333333333333,0.4
1498,0.0,0.0,0.0
872,0.0,0.0,0.0
682,0.0,0.0,0.0
1234,0.0,0.0,0.0
2367,0.6666666666666666,0.0,0.3333333333333333
955,0.5,1.0,0.75
1391,0.0,0.0,0.0
1358,0.5,0.0,0.2
1136,0.5,0.5,0.5
1472,0.3333333333333333,0.0,0.16666666666666666
2066,0.0,0.0,0.0
1104,0.3333333333333333,0.0,0.16666666666666666
1442,0.0,0.0,0.0
422,0.0,0.0,0.0
1996,0.3333333333333333,0.0,0.16666666666666666
784,0.0,0.0,0.0
1341,0.0,0.0,0.0
273,0.5,0.0,0.25
1438,0.0,0.5,0.3333333333333333
1174,0.5,0.0,0.2
2205,1.0,0.0,0.3333333333333333
1434,1.0,0.0,0.3333333333333333
1120,0.0,0.0,0.0
876,0.0,0.0,0.0
114,0.5,0.3333333333333333,0.4
2103,0.0,0.0,0.0
1405,0.0,0.3333333333333333,0.16666666666666666
266,0.0,0.5,0.3333333333333333
1360,0.0,0.5,0.3333333333333333
1834,0.0,0.3333333333333333,0.16666666666666666
1890,0.0,0.0,0.0
1942,0.3333333333333333,0.0,0.16666666666666666
826,1.0,0.5,0.6666666666666666
1846,0.0,0.0,0.0
2528,0.0,0.0,0.0
2197,0.5,0.0,0.25
1357,0.0,0.6666666666666666,0.3333333333333333
2196,0.5,0.0,0.25
830,1.0,0.0,0.5
1447,0.3333333333333333,0.0,0.16666666666666666
1253,1.0,0.3333333333333333,0.6
2453,0.0,0.0,0.0
347,0.0,0.0,0.0
21,0.0,0.3333333333333333,0.2
2322,0.5,0.0,0.2
250,0.0,0.5,0.3333333333333333
1130,0.0,0.0,0.0
1994,0.0,0.0,0.0
1269,0.0,0.0,0.0
2461,0.0,0.0,0.0
2083,0.0,0.0,0.0
597,0.5,0.0,0.2
966,0.0,0.0,0.0
2327,0.0,0.0,0.0
2254,0.5,0.5,0.5
652,0.0,0.0,0.0
41,1.0,1.0,1.0
1451,0.5,0.0,0.25
2602,1.0,0.0,0.5
2403,0.0,0.0,0.0
1654,0.3333333333333333,0.3333333333333333,0.3333333333333333
1388,0.0,0.0,0.0
20,0.0,0.3333333333333333,0.16666666666666666
1561,0.0,0.0,0.0
2017,0.6666666666666666,0.0,0.3333333333333333
546,0.5,0.0,0.2
2001,1.0,0.0,0.5
1383,0.0,0.0,0.0
1911,0.0,0.0,0.0
687,0.5,0.0,0.25
1726,0.0,0.0,0.0
1290,0.0,0.0,0.0
1471,0.0,0.3333333333333333,0.16666666666666666
1739,0.3333333333333333,0.0,0.16666666666666666
1531,0.0,0.0,0.0
721,0.0,0.0,0.0
756,0.0,0.6666666666666666,0.3333333333333333
247,0.5,0.0,0.25
319,0.0,0.5,0.3333333333333333
1602,0.0,0.0,0.0
1221,0.0,0.0,0.0
1385,0.0,0.5,0.3333333333333333
1675,0.0,0.3333333333333333,0.16666666666666666
388,0.5,0.3333333333333333,0.4
500,0.0,0.3333333333333333,0.16666666666666666
527,0.5,0.5,0.5
2073,0.5,0.0,0.2
1912,0.0,0.0,0.0
167,0.6666666666666666,0.3333333333333333,0.5
1226,0.0,0.0,0.0
344,0.3333333333333333,0.0,0.16666666666666666
1779,0.3333333333333333,0.0,0.16666666666666666
2389,0.0,0.0,0.0
336,0.0,0.3333333333333333,0.16666666666666666
2237,0.5,0.0,0.25
1200,0.3333333333333333,0.0,0.16666666666666666
418,0.5,0.0,0.25
1880,0.0,0.0,0.0
1156,0.6666666666666666,0.3333333333333333,0.5
1527,0.0,0.0,0.0
1168,0.5,0.0,0.25
1004,0.0,0.0,0.0
296,0.3333333333333333,0.3333333333333333,0.3333333333333333
213,0.0,0.6666666666666666,0.4
1062,0.5,0.0,0.25
439,0.0,0.0,0.0
1492,0.0,0.0,0.0
2227,0.0,0.0,0.0
1463,1.0,0.0,0.3333333333333333
1885,0.0,1.0,1.0
730,0.0,0.0,0.0
420,0.5,0.5,0.5
464,0.0,0.0,0.0
743,0.0,0.0,0.0
86,1.0,0.0,0.5
1969,1.0,0.0,0.3333333333333333
727,0.0,0.5,0.3333333333333333
1584,0.0,1.0,1.0
1494,0.0,0.0,0.0
1582,1.0,1.0,1.0
2048,0.0,0.0,0.0
621,0.3333333333333333,0.3333333333333333,0.3333333333333333
640,0.3333333333333333,0.3333333333333333,0.3333333333333333
1053,0.0,0.0,0.0
322,0.3333333333333333,0.0,0.16666666666666666
2273,0.5,0.0,0.25
775,0.0,0.0,0.0
1625,0.3333333333333333,0.0,0.16666666666666666
1081,1.0,0.5,0.75
2382,0.0,0.0,0.0
2378,0.5,0.0,0.2
644,0.0,0.0,0.0
1748,0.0,0.3333333333333333,0.2
46,0.0,0.0,0.0
755,0.3333333333333333,0.3333333333333333,0.3333333333333333
3,0.0,0.0,0.0
376,0.0,0.0,0.0
849,0.6666666666666666,0.3333333333333333,0.5
2035,0.0,0.0,0.0
338,0.0,0.0,0.0
841,0.0,0.0,0.0
1309,0.5,1.0,0.75
1515,0.3333333333333333,0.0,0.16666666666666666
2574,0.0,0.0,0.0
848,0.0,0.3333333333333333,0.16666666666666666
5,1.0,0.0,0.4
1370,1.0,0.3333333333333333,0.6
1334,0.0,0.5,0.3333333333333333
1058,0.0,0.3333333333333333,0.16666666666666666
1837,0.0,0.0,0.0
1636,0.0,0.3333333333333333,0.16666666666666666
1971,0.5,0.0,0.25
2038,0.0,0.0,0.0
2270,0.0,0.0,0.0
1151,0.3333333333333333,0.3333333333333333,0.3333333333333333
697,1.0,0.5,0.6666666666666666
1755,0.0,0.0,0.0
39,0.0,0.0,0.0
2289,0.0,0.3333333333333333,0.2
369,0.0,0.0,0.0
2297,0.0,0.0,0.0
811,0.0,0.0,0.0
2114,0.0,0.3333333333333333,0.2
2031,1.0,0.0,0.3333333333333333
2168,0.0,0.5,0.25
1716,0.5,0.0,0.25
914,0.5,0.0,0.2
869,0.3333333333333333,0.3333333333333333,0.3333333333333333
137,0.0,0.3333333333333333,0.2
2190,0.5,0.5,0.5
2222,0.0,0.0,0.0
661,0.0,0.0,0.0
1470,0.0,0.0,0.0
2261,0.3333333333333333,0.3333333333333333,0.3333333333333333
1272,0.5,0.0,0.25
2586,0.0,0.0,0.0
1557,0.0,0.5,0.3333333333333333
2554,0.0,0.0,0.0
512,0.0,0.0,0.0
249,0.5,0.0,0.25
2532,0.6666666666666666,0.0,0.3333333333333333
240,0.0,0.0,0.0
2565,0.0,0.0,0.0
2459,0.5,0.6666666666666666,0.6
1201,0.5,0.0,0.25
2072,0.5,0.0,0.2
2243,0.0,0.0,0.0
401,0.5,0.0,0.25
59,0.5,0.0,0.25
2449,0.0,0.0,0.0
1545,0.3333333333333333,0.0,0.16666666666666666
1673,0.0,0.0,0.0
2116,0.6666666666666666,0.3333333333333333,0.5
1570,0.3333333333333333,0.0,0.16666666666666666
898,0.3333333333333333,0.3333333333333333,0.3333333333333333
435,0.5,0.0,0.2
637,0.5,0.0,0.2
2250,0.0,0.0,0.0
2208,0.6666666666666666,0.3333333333333333,0.5
979,0.6666666666666666,0.3333333333333333,0.5
1646,0.6666666666666666,0.0,0.3333333333333333
125,0.0,0.5,0.3333333333333333
32,0.0,0.0,0.0
1711,0.0,0.5,0.25
1637,0.6666666666666666,0.3333333333333333,0.5
742,0.0,0.0,0.0
610,0.5,0.0,0.2
2065,0.0,0.0,0.0
225,0.0,0.0,0.0
1533,0.5,0.0,0.25
1838,0.0,0.0,0.0
2123,0.0,0.0,0.0
2133,0.5,0.0,0.25
2515,0.3333333333333333,0.0,0.16666666666666666
837,0.0,0.0,0.0
636,1.0,0.0,0.5
1897,0.0,1.0,0.5
1541,0.0,0.6666666666666666,0.3333333333333333
1436,1.0,0.0,0.5
537,0.5,0.0,0.25
930,0.0,0.0,0.0
810,1.0,0.0,0.3333333333333333
2455,0.0,0.0,0.0
970,0.0,0.0,0.0
2126,0.3333333333333333,0.0,0.16666666666666666
195,0.3333333333333333,0.3333333333333333,0.3333333333333333
713,0.0,1.0,0.5
181,0.3333333333333333,0.3333333333333333,0.3333333333333333
1876,0.0,0.0,0.0
1710,0.5,0.3333333333333333,0.4
1114,1.0,0.0,0.4
543,0.5,0.0,0.2
279,0.0,0.0,0.0
897,0.3333333333333333,0.0,0.16666666666666666
2534,0.3333333333333333,0.0,0.16666666666666666
1354,0.0,0.5,0.3333333333333333
1049,0.0,0.0,0.0
2386,0.0,0.0,0.0
1430,0.0,0.3333333333333333,0.16666666666666666
484,0.3333333333333333,0.0,0.16666666666666666
2334,0.0,0.0,0.0
1054,1.0,0.0,0.3333333333333333
1631,0.3333333333333333,0.3333333333333333,0.3333333333333333
585,0.0,0.0,0.0
854,0.0,0.0,0.0
905,0.3333333333333333,0.0,0.16666666666666666
230,1.0,0.0,0.4
1810,0.3333333333333333,0.0,0.16666666666666666
1628,0.6666666666666666,0.0,0.3333333333333333
628,0.0,0.0,0.0
523,1.0,0.0,0.3333333333333333
1764,0.5,0.0,0.25
900,0.3333333333333333,0.0,0.16666666666666666
262,0.0,0.0,0.0
1923,0.5,0.0,0.2
52,0.0,0.5,0.3333333333333333
2269,1.0,0.6666666666666666,0.8
1318,0.0,0.0,0.0
1762,0.3333333333333333,0.6666666666666666,0.5
452,0.0,0.3333333333333333,0.2
1674,0.3333333333333333,0.3333333333333333,0.3333333333333333
1155,0.6666666666666666,0.0,0.3333333333333333
346,0.0,0.0,0.0
2422,0.0,0.0,0.0
612,0.0,0.0,0.0
664,0.0,0.0,0.0
152,0.5,0.3333333333333333,0.4
136,0.3333333333333333,0.3333333333333333,0.3333333333333333
339,0.3333333333333333,0.0,0.16666666666666666
12,0.3333333333333333,0.3333333333333333,0.3333333333333333
910,0.5,0.5,0.5
2402,0.5,0.0,0.25
1641,0.0,0.0,0.0
2213,0.3333333333333333,0.3333333333333333,0.3333333333333333
1112,0.5,0.0,0.25
631,0.5,0.0,0.2
866,0.6666666666666666,0.3333333333333333,0.5
658,0.0,0.0,0.0
1963,0.0,0.3333333333333333,0.16666666666666666
2513,1.0,0.5,0.75
1113,0.5,0.0,0.2
1086,0.5,0.0,0.2
2050,1.0,0.0,0.3333333333333333
74,0.0,0.0,0.0
1648,0.0,0.0,0.0
885,0.5,0.0,0.25
668,1.0,0.0,0.3333333333333333
2007,0.0,0.0,0.0
2125,0.0,0.0,0.0
1229,0.0,0.0,0.0
1664,0.3333333333333333,0.0,0.16666666666666666
1371,1.0,0.0,0.4
767,0.3333333333333333,0.3333333333333333,0.3333333333333333
2365,0.3333333333333333,0.3333333333333333,0.3333333333333333
361,0.0,0.0,0.0
820,0.0,0.5,0.3333333333333333
2552,0.5,0.3333333333333333,0.4
2435,0.0,0.0,0.0
1480,0.0,0.0,0.0
2407,0.0,0.3333333333333333,0.16666666666666666
1010,0.6666666666666666,0.3333333333333333,0.5
1773,1.0,0.0,0.3333333333333333
457,0.0,0.3333333333333333,0.16666666666666666
604,0.5,0.0,0.25
77,0.6666666666666666,0.6666666666666666,0.6666666666666666
1032,0.0,0.0,0.0
2440,0.0,0.3333333333333333,0.2
1634,0.0,0.0,0.0
503,0.6666666666666666,0.3333333333333333,0.5
1544,0.0,0.0,0.0
674,0.3333333333333333,0.3333333333333333,0.3333333333333333
750,0.3333333333333333,0.3333333333333333,0.3333333333333333
1361,1.0,0.0,0.4
1473,0.0,0.5,0.25
1593,0.3333333333333333,0.0,0.16666666666666666
105,0.0,0.0,0.0
2049,0.3333333333333333,0.0,0.16666666666666666
686,0.0,0.0,0.0
1594,0.3333333333333333,0.0,0.16666666666666666
625,0.5,0.0,0.2
874,0.0,0.0,0.0
1610,0.0,0.3333333333333333,0.16666666666666666
2003,0.0,0.3333333333333333,0.2
1400,1.0,0.0,0.4
599,0.5,0.3333333333333333,0.4
2476,0.5,0.0,0.2
1210,0.5,0.0,0.2
427,0.3333333333333333,0.0,0.16666666666666666
882,0.5,0.0,0.25
63,0.0,0.6666666666666666,0.4
1809,0.5,0.0,0.2
1222,0.0,0.3333333333333333,0.16666666666666666
176,0.0,0.3333333333333333,0.2
1107,0.5,0.0,0.25
1350,0.3333333333333333,0.3333333333333333,0.3333333333333333
1128,0.0,0.0,0.0
949,0.0,0.3333333333333333,0.2
1692,0.3333333333333333,0.0,0.16666666666666666
561,0.0,0.0,0.0
544,0.0,0.0,0.0
474,0.5,0.3333333333333333,0.4
129,0.0,0.0,0.0
1608,0.0,0.0,0.0
149,0.5,0.0,0.25
231,0.5,0.3333333333333333,0.4
772,0.0,0.0,0.0
2298,0.0,0.0,0.0
547,0.5,0.0,0.2
1697,0.3333333333333333,0.0,0.16666666666666666
1249,1.0,0.0,0.3333333333333333
2167,0.5,0.0,0.25
2557,0.0,0.3333333333333333,0.2
1781,0.0,0.0,0.0
1774,0.0,0.0,0.0
1843,0.6666666666666666,0.3333333333333333,0.5
2157,0.0,0.0,0.0
287,0.0,0.3333333333333333,0.2
1109,0.0,0.0,0.0
1242,0.0,0.3333333333333333,0.16666666666666666
89,1.0,0.3333333333333333,0.6
2195,0.3333333333333333,0.3333333333333333,0.3333333333333333
777,0.0,0.0,0.0
2380,0.0,0.3333333333333333,0.16666666666666666
1368,0.6666666666666666,0.3333333333333333,0.5
2370,0.0,0.3333333333333333,0.2
1521,1.0,0.0,0.4
2117,0.6666666666666666,0.3333333333333333,0.5
1333,0.0,0.0,0.0
28,0.0,0.0,0.0
2105,0.0,0.3333333333333333,0.16666666666666666
1396,0.0,0.5,0.25
124,0.0,0.3333333333333333,0.16666666666666666
2539,0.0,0.0,0.0
2301,0.3333333333333333,0.3333333333333333,0.3333333333333333
2203,0.0,0.0,0.0
182,0.0,0.0,0.0
1127,0.5,0.0,0.25
1800,0.3333333333333333,0.0,0.16666666666666666
87,0.6666666666666666,0.0,0.3333333333333333
501,1.0,0.0,0.3333333333333333
1512,0.5,0.0,0.25
1395,0.0,0.0,0.0
2145,0.0,0.0,0.0
598,0.5,0.0,0.2
1363,0.0,0.3333333333333333,0.2
1856,1.0,0.0,0.5
694,0.0,0.0,0.0
753,0.3333333333333333,0.3333333333333333,0.3333333333333333
1898,0.0,0.0,0.0
1158,0.0,0.3333333333333333,0.16666666666666666
311,0.5,0.5,0.5
1023,0.0,0.0,0.0
1142,0.3333333333333333,0.6666666666666666,0.5
1286,1.0,1.0,1.0
62,0.0,0.0,0.0
1817,0.6666666666666666,1.0,0.8333333333333334
1859,0.0,0.0,0.0
1262,0.0,0.0,0.0
276,0.0,0.5,0.25
728,0.3333333333333333,0.0,0.16666666666666666
314,0.0,0.0,0.0
1976,0.0,0.0,0.0
978,1.0,0.0,0.3333333333333333
1552,0.0,0.0,0.0
460,0.0,0.3333333333333333,0.16666666666666666
2171,0.0,0.0,0.0
1991,0.0,0.3333333333333333,0.16666666666666666
1579,0.0,0.0,0.0
1288,0.5,0.0,0.25
11,0.0,0.0,0.0
629,0.5,0.0,0.25
975,0.0,0.0,0.0
1369,0.0,1.0,0.6
643,0.0,0.0,0.0
956,0.0,0.0,0.0
465,0.3333333333333333,0.0,0.16666666666666666
1853,0.0,0.0,0.0
1768,1.0,1.0,1.0
1282,0.0,0.0,0.0
717,0.0,0.0,0.0
737,0.3333333333333333,0.0,0.16666666666666666
1525,0.0,0.5,0.25
1926,0.0,0.3333333333333333,0.2
1017,0.0,0.0,0.0
1719,0.0,1.0,0.6666666666666666
875,0.0,0.0,0.0
2037,0.0,0.0,0.0
2079,0.0,0.0,0.0
312,1.0,0.3333333333333333,0.6666666666666666
2595,0.0,0.0,0.0
1378,0.0,0.0,0.0
758,0.0,0.0,0.0
2340,0.0,0.0,0.0
1899,0.0,0.0,0.0
1973,0.0,0.0,0.0
1814,0.5,0.0,0.2
1921,0.0,0.0,0.0
974,0.5,0.5,0.5
1355,0.0,0.0,0.0
2088,0.0,0.0,0.0
2555,0.0,0.3333333333333333,0.2
2436,0.0,0.0,0.0
1026,0.0,0.0,0.0
2505,0.0,0.3333333333333333,0.2
1763,0.5,0.0,0.2
1195,0.0,0.0,0.0
2018,0.0,0.0,0.0
865,0.0,1.0,0.5
656,0.0,0.0,0.0
298,0.0,0.0,0.0
1559,1.0,0.0,0.5
917,0.0,0.0,0.0
1852,0.0,0.3333333333333333,0.16666666666666666
1126,0.0,0.0,0.0
1145,0.3333333333333333,0.3333333333333333,0.3333333333333333
1560,0.0,0.0,0.0
169,0.6666666666666666,0.6666666666666666,0.6666666666666666
1018,1.0,0.0,0.3333333333333333
2132,0.0,0.0,0.0
606,0.0,0.0,0.0
1920,0.0,0.0,0.0
506,0.5,0.0,0.25
1359,0.0,0.3333333333333333,0.2
1698,0.0,0.3333333333333333,0.16666666666666666
1031,0.0,0.0,0.0
2013,0.0,0.0,0.0
1950,0.5,0.0,0.25
2448,0.0,0.0,0.0
2417,0.5,0.0,0.25
72,1.0,0.0,0.5
221,0.0,0.0,0.0
350,0.5,0.3333333333333333,0.4
2255,0.5,0.0,0.25
1549,0.0,0.0,0.0
1270,0.0,0.0,0.0
307,1.0,0.0,0.5
609,0.0,0.0,0.0
2215,0.0,0.0,0.0
1139,0.5,0.5,0.5
1532,0.3333333333333333,0.0,0.16666666666666666
1344,0.5,0.0,0.25
1744,0.0,0.0,0.0
407,0.5,0.0,0.25
958,0.5,0.0,0.25
528,0.5,0.0,0.2
1457,0.0,0.0,0.0
482,0.0,0.0,0.0
2143,0.5,0.0,0.2
2312,0.0,0.0,0.0
2147,0.3333333333333333,0.0,0.16666666666666666
267,0.5,0.0,0.2
1930,0.0,0.0,0.0
1796,0.3333333333333333,0.3333333333333333,0.3333333333333333
1685,0.0,0.3333333333333333,0.16666666666666666
1701,0.3333333333333333,0.0,0.16666666666666666
393,0.3333333333333333,0.0,0.16666666666666666
1469,0.5,0.0,0.2
373,0.0,0.0,0.0
855,0.3333333333333333,0.3333333333333333,0.3333333333333333
2106,0.0,0.0,0.0
634,0.0,0.0,0.0
835,0.0,0.0,0.0
2551,0.0,0.3333333333333333,0.2
1993,0.0,0.0,0.0
2508,0.0,0.3333333333333333,0.2
762,0.5,0.0,0.2
303,0.5,0.5,0.5
1167,0.0,0.0,0.0
571,0.0,0.0,0.0
1660,0.3333333333333333,0.0,0.16666666666666666
1841,0.0,0.0,0.0
1530,0.5,0.3333333333333333,0.4
1347,0.6666666666666666,0.3333333333333333,0.5
1150,0.0,0.0,0.0
1784,0.0,0.5,0.3333333333333333
100,0.0,0.0,0.0
1016,1.0,0.5,0.75
2011,0.3333333333333333,0.3333333333333333,0.3333333333333333
2388,0.3333333333333333,0.0,0.16666666666666666
2562,0.0,0.0,0.0
1484,0.3333333333333333,0.6666666666666666,0.5
326,0.0,0.5,0.25
1468,0.0,0.0,0.0
760,0.0,0.6666666666666666,0.3333333333333333
1485,1.0,0.0,0.4
693,0.0,0.3333333333333333,0.2
2377,0.0,0.0,0.0
787,0.0,0.3333333333333333,0.16666666666666666
1394,0.5,0.0,0.2
1478,0.0,0.0,0.0
701,0.5,0.0,0.25
1749,0.0,0.6666666666666666,0.3333333333333333
542,0.0,0.3333333333333333,0.2
1828,0.3333333333333333,0.0,0.16666666666666666
1233,0.5,0.0,0.2
2068,0.3333333333333333,0.3333333333333333,0.3333333333333333
2337,0.0,0.3333333333333333,0.2
574,0.5,0.0,0.2
696,0.6666666666666666,0.0,0.3333333333333333
2200,0.0,0.0,0.0
237,0.0,0.0,0.0
1449,0.5,0.0,0.25
1855,1.0,0.0,0.5
2390,0.0,0.0,0.0
660,0.0,0.0,0.0
1236,0.0,0.0,0.0
2527,0.0,0.0,0.0
2507,0.0,0.3333333333333333,0.2
170,0.0,0.3333333333333333,0.2
2173,0.0,0.0,0.0
1304,0.0,0.0,0.0
2460,0.0,0.0,0.0
146,0.3333333333333333,0.0,0.16666666666666666
290,1.0,0.5,0.6666666666666666
1941,0.6666666666666666,0.3333333333333333,0.5
1297,0.0,0.0,0.0
1908,0.0,0.0,0.0
2399,0.0,0.0,0.0
2033,0.0,0.0,0.0
49,0.0,0.0,0.0
84,0.0,0.3333333333333333,0.16666666666666666
245,1.0,0.0,0.5
2342,0.3333333333333333,0.0,0.16666666666666666
419,1.0,0.0,0.3333333333333333
2092,0.0,0.0,0.0
899,1.0,0.0,0.3333333333333333
2430,0.0,0.6666666666666666,0.4
2282,0.0,0.5,0.3333333333333333
943,0.0,0.0,0.0
704,0.0,0.0,0.0
481,0.0,0.0,0.0
1972,0.0,0.5,0.25
73,0.0,0.3333333333333333,0.16666666666666666
2452,0.0,0.6666666666666666,0.4
60,0.5,0.0,0.2
2522,0.5,0.0,0.25
139,0.3333333333333333,0.0,0.16666666666666666
651,0.5,0.3333333333333333,0.4
79,0.0,0.0,0.0
1413,0.0,0.0,0.0
1497,0.0,0.0,0.0
2415,0.0,0.0,0.0
127,0.5,0.0,0.2
524,0.0,0.5,0.3333333333333333
2592,0.0,0.3333333333333333,0.16666666666666666
995,0.5,0.0,0.2
271,0.0,0.0,0.0
1101,0.0,0.0,0.0
154,0.0,0.3333333333333333,0.2
1490,0.0,0.3333333333333333,0.2
1329,0.0,0.5,0.25
15,0.0,0.0,0.0
2600,0.0,0.0,0.0
595,0.0,0.0,0.0
1870,0.0,0.0,0.0
2325,0.0,0.0,0.0
1111,0.0,0.0,0.0
1409,0.0,0.0,0.0
729,0.3333333333333333,0.3333333333333333,0.3333333333333333
1632,0.6666666666666666,0.0,0.3333333333333333
587,0.0,0.5,0.25
1671,0.3333333333333333,0.3333333333333333,0.3333333333333333
2075,0.0,0.0,0.0
985,0.0,0.0,0.0
25,0.3333333333333333,0.3333333333333333,0.3333333333333333
1074,0.0,0.0,0.0
1813,0.6666666666666666,0.0,0.3333333333333333
2021,0.5,0.0,0.25
2056,0.0,0.0,0.0
1839,0.0,0.0,0.0
511,0.0,0.3333333333333333,0.2
2140,1.0,0.0,0.3333333333333333
1008,0.3333333333333333,0.3333333333333333,0.3333333333333333
1261,0.0,0.0,0.0
873,1.0,0.0,0.5
1718,0.3333333333333333,0.3333333333333333,0.3333333333333333
2468,0.0,0.0,0.0
1351,0.3333333333333333,1.0,0.6666666666666666
2016,0.3333333333333333,0.0,0.16666666666666666
516,0.3333333333333333,0.3333333333333333,0.3333333333333333
469,0.5,0.0,0.2
1658,0.6666666666666666,0.0,0.3333333333333333
926,0.5,0.3333333333333333,0.4
1443,1.0,0.5,0.75
70,0.0,0.0,0.0
617,0.5,0.3333333333333333,0.4
583,0.0,0.3333333333333333,0.16666666666666666
983,0.0,0.5,0.25
1345,0.3333333333333333,0.3333333333333333,0.3333333333333333
175,0.0,0.0,0.0
1751,0.0,0.0,0.0
2391,0.0,0.0,0.0
2120,0.3333333333333333,0.3333333333333333,0.3333333333333333
158,1.0,0.5,0.6666666666666666
42,0.0,0.0,0.0
791,0.0,0.3333333333333333,0.2
2020,0.0,0.0,0.0
233,0.3333333333333333,0.0,0.16666666666666666
1335,0.0,0.0,0.0
2482,1.0,0.0,0.5
491,0.6666666666666666,0.0,0.3333333333333333
479,0.6666666666666666,0.0,0.3333333333333333
1257,0.0,0.0,0.0
2307,0.0,0.0,0.0
1254,0.0,1.0,0.5
238,0.0,0.0,0.0
515,0.0,0.0,0.0
1668,0.0,0.0,0.0
2180,0.0,0.0,0.0
81,0.0,0.0,0.0
1645,0.0,0.0,0.0
927,0.5,0.3333333333333333,0.4
1225,0.5,0.6666666666666666,0.6
112,0.5,0.0,0.25
850,0.0,0.0,0.0
2104,0.0,0.0,0.0
2194,0.0,0.0,0.0
553,0.5,0.0,0.25
1861,1.0,0.0,0.3333333333333333
819,0.0,0.0,0.0
318,0.0,0.0,0.0
2589,0.0,0.3333333333333333,0.16666666666666666
134,0.0,0.3333333333333333,0.16666666666666666
2024,0.0,0.0,0.0
1575,0.0,0.5,0.25
448,0.0,0.0,0.0
2098,0.0,0.0,0.0
1216,0.0,0.6666666666666666,0.3333333333333333
289,0.5,0.6666666666666666,0.6
745,0.0,0.0,0.0
1696,0.0,0.3333333333333333,0.16666666666666666
798,0.0,0.0,0.0
2361,1.0,0.5,0.75
2276,0.0,0.5,0.25
2573,0.0,0.0,0.0
1986,0.5,0.0,0.2
1687,0.3333333333333333,0.0,0.16666666666666666
642,0.6666666666666666,0.3333333333333333,0.5
871,0.0,0.3333333333333333,0.2
1079,0.0,0.0,0.0
1264,1.0,0.0,0.4
2446,0.5,0.0,0.2
781,0.0,0.0,0.0
1092,0.0,0.3333333333333333,0.2
1665,0.0,0.3333333333333333,0.16666666666666666
1364,0.5,0.3333333333333333,0.4
2184,0.5,0.5,0.5
1389,1.0,0.0,0.4
2062,0.3333333333333333,0.0,0.16666666666666666
1909,0.3333333333333333,0.0,0.16666666666666666
1255,0.0,0.5,0.3333333333333333
1482,0.0,0.6666666666666666,0.3333333333333333
887,0.0,0.0,0.0
1981,0.3333333333333333,0.6666666666666666,0.5
2467,0.3333333333333333,0.3333333333333333,0.3333333333333333
235,0.0,0.3333333333333333,0.16666666666666666
65,0.0,0.3333333333333333,0.16666666666666666
2501,0.6666666666666666,0.0,0.3333333333333333
